"","Country","Year","Coal"
"1","Afghanistan",2015,2.843264
"2","Afghanistan",2016,2.878736
"3","Afghanistan",2017,3.447824
"4","Afghanistan",2018,3.8472
"5","Afghanistan",2019,3.954767
"6","Afghanistan",2020,4.150072
"7","Afghanistan",2021,4.203536
"8","Albania",2015,0.322432
"9","Albania",2016,0.190528
"10","Albania",2017,0.274609
"11","Albania",2018,0.472656
"12","Albania",2019,0.322432
"13","Albania",2020,0.331439
"14","Albania",2021,0.174413
"15","Algeria",2015,0.501968
"16","Algeria",2016,0
"17","Algeria",2017,0.795088
"18","Algeria",2018,1.330002
"19","Algeria",2019,1.095512
"20","Algeria",2020,1.098537
"21","Algeria",2021,1.095536
"22","Andorra",2015,0
"23","Andorra",2016,0
"24","Andorra",2017,0
"25","Andorra",2018,0
"26","Andorra",2019,0
"27","Andorra",2020,0
"28","Andorra",2021,0
"29","Angola",2015,0
"30","Angola",2016,0
"31","Angola",2017,0
"32","Angola",2018,0
"33","Angola",2019,0
"34","Angola",2020,0
"35","Angola",2021,0
"36","Anguilla",2015,0
"37","Anguilla",2016,0
"38","Anguilla",2017,0
"39","Anguilla",2018,0
"40","Anguilla",2019,0
"41","Anguilla",2020,0
"42","Anguilla",2021,0
"43","Antarctica",2015,NA
"44","Antarctica",2016,NA
"45","Antarctica",2017,NA
"46","Antarctica",2018,NA
"47","Antarctica",2019,NA
"48","Antarctica",2020,NA
"49","Antarctica",2021,NA
"50","Antigua and Barbuda",2015,0
"51","Antigua and Barbuda",2016,0
"52","Antigua and Barbuda",2017,0
"53","Antigua and Barbuda",2018,0
"54","Antigua and Barbuda",2019,0
"55","Antigua and Barbuda",2020,0
"56","Antigua and Barbuda",2021,0
"57","Argentina",2015,5.466688
"58","Argentina",2016,4.191696
"59","Argentina",2017,4.279469
"60","Argentina",2018,4.356408
"61","Argentina",2019,2.14344
"62","Argentina",2020,2.64246
"63","Argentina",2021,4.816141
"64","Armenia",2015,0.003662
"65","Armenia",2016,0.003667
"66","Armenia",2017,0.003666
"67","Armenia",2018,0.003664
"68","Armenia",2019,0.010992
"69","Armenia",2020,0.010839
"70","Armenia",2021,0.012484
"71","Aruba",2015,0
"72","Aruba",2016,0
"73","Aruba",2017,0
"74","Aruba",2018,0
"75","Aruba",2019,0
"76","Aruba",2020,0
"77","Aruba",2021,0
"78","Australia",2015,174.188664
"79","Australia",2016,179.549565
"80","Australia",2017,176.906195
"81","Australia",2018,169.370489
"82","Australia",2019,164.471156
"83","Australia",2020,156.143134
"84","Australia",2021,150.958384
"85","Austria",2015,14.372978
"86","Austria",2016,13.334845
"87","Austria",2017,14.023157
"88","Austria",2018,12.295195
"89","Austria",2019,13.005251
"90","Austria",2020,11.393343
"91","Austria",2021,12.269229
"92","Azerbaijan",2015,0.010993
"93","Azerbaijan",2016,0.003664
"94","Azerbaijan",2017,0.003664
"95","Azerbaijan",2018,0.003664
"96","Azerbaijan",2019,0.003664
"97","Azerbaijan",2020,0.003674
"98","Azerbaijan",2021,0.003664
"99","Bahamas",2015,0.003664
"100","Bahamas",2016,0.003671
"101","Bahamas",2017,0.00367
"102","Bahamas",2018,0.003664
"103","Bahamas",2019,0.003664
"104","Bahamas",2020,0.004997
"105","Bahamas",2021,0.005078
"106","Bahrain",2015,0
"107","Bahrain",2016,0
"108","Bahrain",2017,0
"109","Bahrain",2018,0
"110","Bahrain",2019,0
"111","Bahrain",2020,0
"112","Bahrain",2021,0
"113","Bangladesh",2015,8.606736
"114","Bangladesh",2016,6.074912
"115","Bangladesh",2017,7.151838
"116","Bangladesh",2018,8.17837
"117","Bangladesh",2019,15.003548
"118","Bangladesh",2020,16.948182
"119","Bangladesh",2021,14.852834
"120","Barbados",2015,0
"121","Barbados",2016,0
"122","Barbados",2017,0
"123","Barbados",2018,0
"124","Barbados",2019,0
"125","Barbados",2020,0
"126","Barbados",2021,0
"127","Belarus",2015,4.094111
"128","Belarus",2016,3.691613
"129","Belarus",2017,3.882261
"130","Belarus",2018,3.962831
"131","Belarus",2019,4.099648
"132","Belarus",2020,3.777468
"133","Belarus",2021,3.281815
"134","Belgium",2015,14.438079
"135","Belgium",2016,13.543486
"136","Belgium",2017,13.308096
"137","Belgium",2018,13.366943
"138","Belgium",2019,13.192232
"139","Belgium",2020,10.651276
"140","Belgium",2021,11.015942
"141","Belize",2015,0
"142","Belize",2016,0
"143","Belize",2017,0
"144","Belize",2018,0
"145","Belize",2019,0
"146","Belize",2020,0
"147","Belize",2021,0
"148","Benin",2015,0.109991
"149","Benin",2016,0.212512
"150","Benin",2017,0.201624
"151","Benin",2018,0
"152","Benin",2019,0.271136
"153","Benin",2020,0.245894
"154","Benin",2021,0.28435
"155","Bermuda",2015,0
"156","Bermuda",2016,0
"157","Bermuda",2017,0
"158","Bermuda",2018,0
"159","Bermuda",2019,0
"160","Bermuda",2020,0
"161","Bermuda",2021,0
"162","Bhutan",2015,0.212512
"163","Bhutan",2016,0.312419
"164","Bhutan",2017,0.381056
"165","Bhutan",2018,0.423885
"166","Bhutan",2019,0.42136
"167","Bhutan",2020,0.442315
"168","Bhutan",2021,0.448014
"169","Bonaire, Saint Eustatius and Saba",2015,0
"170","Bonaire, Saint Eustatius and Saba",2016,0
"171","Bonaire, Saint Eustatius and Saba",2017,0
"172","Bonaire, Saint Eustatius and Saba",2018,0
"173","Bonaire, Saint Eustatius and Saba",2019,0
"174","Bonaire, Saint Eustatius and Saba",2020,0
"175","Bonaire, Saint Eustatius and Saba",2021,0
"176","Bosnia and Herzegovina",2015,13.490848
"177","Bosnia and Herzegovina",2016,16.150912
"178","Bosnia and Herzegovina",2017,16.458688
"179","Bosnia and Herzegovina",2018,16.600674
"180","Bosnia and Herzegovina",2019,15.33384
"181","Bosnia and Herzegovina",2020,15.762171
"182","Bosnia and Herzegovina",2021,8.294507
"183","Botswana",2015,2.896267
"184","Botswana",2016,3.57034
"185","Botswana",2017,4.253904
"186","Botswana",2018,4.623968
"187","Botswana",2019,3.860278
"188","Botswana",2020,3.467812
"189","Botswana",2021,3.653634
"190","Brazil",2015,69.451663
"191","Brazil",2016,63.831218
"192","Brazil",2017,67.321878
"193","Brazil",2018,65.840737
"194","Brazil",2019,61.887745
"195","Brazil",2020,56.240806
"196","Brazil",2021,68.229888
"197","British Virgin Islands",2015,0
"198","British Virgin Islands",2016,0
"199","British Virgin Islands",2017,0
"200","British Virgin Islands",2018,0
"201","British Virgin Islands",2019,0
"202","British Virgin Islands",2020,0
"203","British Virgin Islands",2021,0
"204","Brunei Darussalam",2015,0
"205","Brunei Darussalam",2016,0
"206","Brunei Darussalam",2017,0
"207","Brunei Darussalam",2018,0
"208","Brunei Darussalam",2019,0.362736
"209","Brunei Darussalam",2020,0.380776
"210","Brunei Darussalam",2021,0.385681
"211","Bulgaria",2015,27.680239
"212","Bulgaria",2016,24.1565
"213","Bulgaria",2017,25.793896
"214","Bulgaria",2018,22.089263
"215","Bulgaria",2019,20.767134
"216","Bulgaria",2020,16.597579
"217","Bulgaria",2021,20.853566
"218","Burkina Faso",2015,0
"219","Burkina Faso",2016,0
"220","Burkina Faso",2017,0
"221","Burkina Faso",2018,0
"222","Burkina Faso",2019,0
"223","Burkina Faso",2020,0
"224","Burkina Faso",2021,0
"225","Burundi",2015,0.007328
"226","Burundi",2016,0.040304
"227","Burundi",2017,0.021984
"228","Burundi",2018,0.018223
"229","Burundi",2019,0.047632
"230","Burundi",2020,0.046479
"231","Burundi",2021,0.049964
"232","Cambodia",2015,2.205728
"233","Cambodia",2016,3.055776
"234","Cambodia",2017,3.612704
"235","Cambodia",2018,3.839872
"236","Cambodia",2019,4.418784
"237","Cambodia",2020,4.638542
"238","Cambodia",2021,4.698298
"239","Canada",2015,78.098819
"240","Canada",2016,73.497136
"241","Canada",2017,72.688193
"242","Canada",2018,60.795568
"243","Canada",2019,58.325705
"244","Canada",2020,48.034995
"245","Canada",2021,43.86208
"246","Cape Verde",2015,0
"247","Cape Verde",2016,0
"248","Cape Verde",2017,0
"249","Cape Verde",2018,0
"250","Cape Verde",2019,0
"251","Cape Verde",2020,0
"252","Cape Verde",2021,0
"253","Central African Republic",2015,0
"254","Central African Republic",2016,0
"255","Central African Republic",2017,0
"256","Central African Republic",2018,0
"257","Central African Republic",2019,0
"258","Central African Republic",2020,0
"259","Central African Republic",2021,0
"260","Chad",2015,0
"261","Chad",2016,0
"262","Chad",2017,0
"263","Chad",2018,0
"264","Chad",2019,0
"265","Chad",2020,0
"266","Chad",2021,0
"267","Chile",2015,27.16856
"268","Chile",2016,27.007344
"269","Chile",2017,27.738944
"270","Chile",2018,27.048812
"271","Chile",2019,31.016986
"272","Chile",2020,26.051363
"273","Chile",2021,26.184921
"274","China",2015,7266.978828
"275","China",2016,7071.403711
"276","China",2017,7163.317856
"277","China",2018,7316.399776
"278","China",2019,7543.157408
"279","China",2020,7605.716883
"280","China",2021,7955.985419
"281","Christmas Island",2015,NA
"282","Christmas Island",2016,NA
"283","Christmas Island",2017,NA
"284","Christmas Island",2018,NA
"285","Christmas Island",2019,NA
"286","Christmas Island",2020,NA
"287","Christmas Island",2021,NA
"288","Colombia",2015,19.1444
"289","Colombia",2016,19.422276
"290","Colombia",2017,14.685855
"291","Colombia",2018,13.714352
"292","Colombia",2019,18.425648
"293","Colombia",2020,15.474417
"294","Colombia",2021,12.015417
"295","Comoros",2015,0
"296","Comoros",2016,0
"297","Comoros",2017,0
"298","Comoros",2018,0
"299","Comoros",2019,0
"300","Comoros",2020,0
"301","Comoros",2021,0
"302","Congo",2015,0
"303","Congo",2016,0
"304","Congo",2017,0
"305","Congo",2018,0
"306","Congo",2019,0
"307","Congo",2020,0
"308","Congo",2021,0
"309","Cook Islands",2015,0
"310","Cook Islands",2016,0
"311","Cook Islands",2017,0
"312","Cook Islands",2018,0
"313","Cook Islands",2019,0
"314","Cook Islands",2020,0
"315","Cook Islands",2021,0
"316","Costa Rica",2015,0.003664
"317","Costa Rica",2016,0.003664
"318","Costa Rica",2017,0.01832
"319","Costa Rica",2018,0
"320","Costa Rica",2019,0
"321","Costa Rica",2020,0
"322","Costa Rica",2021,0
"323","Côte d'Ivoire",2015,0
"324","Côte d'Ivoire",2016,0
"325","Côte d'Ivoire",2017,0
"326","Côte d'Ivoire",2018,0
"327","Côte d'Ivoire",2019,0
"328","Côte d'Ivoire",2020,0
"329","Côte d'Ivoire",2021,0
"330","Croatia",2015,2.376274
"331","Croatia",2016,2.561225
"332","Croatia",2017,1.551263
"333","Croatia",2018,1.448575
"334","Croatia",2019,1.677532
"335","Croatia",2020,1.423842
"336","Croatia",2021,1.685619
"337","Cuba",2015,0.021987
"338","Cuba",2016,0.007328
"339","Cuba",2017,0.014656
"340","Cuba",2018,0.014654
"341","Cuba",2019,0.003665
"342","Cuba",2020,0.004997
"343","Cuba",2021,0.005078
"344","Curaçao",2015,0
"345","Curaçao",2016,0
"346","Curaçao",2017,0
"347","Curaçao",2018,0
"348","Curaçao",2019,0
"349","Curaçao",2020,0
"350","Curaçao",2021,0
"351","Cyprus",2015,0.014687
"352","Cyprus",2016,0.001951
"353","Cyprus",2017,0.011694
"354","Cyprus",2018,0.05385
"355","Cyprus",2019,0.068051
"356","Cyprus",2020,0.068052
"357","Cyprus",2021,0.201473
"358","Czech Republic",2015,64.295744
"359","Czech Republic",2016,64.708775
"360","Czech Republic",2017,64.285837
"361","Czech Republic",2018,63.553489
"362","Czech Republic",2019,57.447407
"363","Czech Republic",2020,49.846815
"364","Czech Republic",2021,51.777952
"365","North Korea",2015,19.081272
"366","North Korea",2016,21.67256
"367","North Korea",2017,46.195313
"368","North Korea",2018,42.495072
"369","North Korea",2019,47.449195
"370","North Korea",2020,49.8124
"371","North Korea",2021,50.454114
"372","Democratic Republic of the Congo",2015,0
"373","Democratic Republic of the Congo",2016,0
"374","Democratic Republic of the Congo",2017,0
"375","Democratic Republic of the Congo",2018,0
"376","Democratic Republic of the Congo",2019,0
"377","Democratic Republic of the Congo",2020,0
"378","Democratic Republic of the Congo",2021,0
"379","Denmark",2015,7.242452
"380","Denmark",2016,8.413077
"381","Denmark",2017,6.252826
"382","Denmark",2018,6.361589
"383","Denmark",2019,3.588381
"384","Denmark",2020,3.142834
"385","Denmark",2021,4.376753
"386","Djibouti",2015,0
"387","Djibouti",2016,0
"388","Djibouti",2017,0
"389","Djibouti",2018,0
"390","Djibouti",2019,0
"391","Djibouti",2020,0
"392","Djibouti",2021,0
"393","Dominica",2015,0
"394","Dominica",2016,0
"395","Dominica",2017,0
"396","Dominica",2018,0
"397","Dominica",2019,0
"398","Dominica",2020,0
"399","Dominica",2021,0
"400","Dominican Republic",2015,2.890444
"401","Dominican Republic",2016,2.872576
"402","Dominican Republic",2017,3.342079
"403","Dominican Republic",2018,3.286608
"404","Dominican Republic",2019,3.264624
"405","Dominican Republic",2020,4.452132
"406","Dominican Republic",2021,4.524063
"407","Ecuador",2015,0
"408","Ecuador",2016,0
"409","Ecuador",2017,0
"410","Ecuador",2018,0
"411","Ecuador",2019,0
"412","Ecuador",2020,0
"413","Ecuador",2021,0
"414","Egypt",2015,1.344688
"415","Egypt",2016,1.608496
"416","Egypt",2017,6.507264
"417","Egypt",2018,13.0072
"418","Egypt",2019,10.123632
"419","Egypt",2020,3.853963
"420","Egypt",2021,6.228362
"421","El Salvador",2015,0.003662
"422","El Salvador",2016,0.003662
"423","El Salvador",2017,0.003662
"424","El Salvador",2018,0.003664
"425","El Salvador",2019,0.003662
"426","El Salvador",2020,0.003391
"427","El Salvador",2021,0.004499
"428","Equatorial Guinea",2015,0
"429","Equatorial Guinea",2016,0
"430","Equatorial Guinea",2017,0
"431","Equatorial Guinea",2018,0
"432","Equatorial Guinea",2019,0
"433","Equatorial Guinea",2020,0
"434","Equatorial Guinea",2021,0
"435","Eritrea",2015,0
"436","Eritrea",2016,0
"437","Eritrea",2017,0
"438","Eritrea",2018,0
"439","Eritrea",2019,0
"440","Eritrea",2020,0
"441","Eritrea",2021,0
"442","Estonia",2015,11.263031
"443","Estonia",2016,12.752646
"444","Estonia",2017,13.87706
"445","Estonia",2018,13.06273
"446","Estonia",2019,7.775731
"447","Estonia",2020,5.335555
"448","Estonia",2021,6.221633
"449","Ethiopia",2015,1.091872
"450","Ethiopia",2016,1.399648
"451","Ethiopia",2017,1.542544
"452","Ethiopia",2018,1.114115
"453","Ethiopia",2019,1.205698
"454","Ethiopia",2020,1.176275
"455","Ethiopia",2021,1.264484
"456","Faeroe Islands",2015,0
"457","Faeroe Islands",2016,0
"458","Faeroe Islands",2017,0
"459","Faeroe Islands",2018,0
"460","Faeroe Islands",2019,0
"461","Faeroe Islands",2020,0
"462","Faeroe Islands",2021,0
"463","Micronesia (Federated States of)",2015,0
"464","Micronesia (Federated States of)",2016,0
"465","Micronesia (Federated States of)",2017,0
"466","Micronesia (Federated States of)",2018,0
"467","Micronesia (Federated States of)",2019,0
"468","Micronesia (Federated States of)",2020,0
"469","Micronesia (Federated States of)",2021,0
"470","Fiji",2015,0
"471","Fiji",2016,0
"472","Fiji",2017,0
"473","Fiji",2018,0
"474","Fiji",2019,0
"475","Fiji",2020,0
"476","Fiji",2021,0
"477","Finland",2015,16.840545
"478","Finland",2016,18.658283
"479","Finland",2017,17.087034
"480","Finland",2018,17.922401
"481","Finland",2019,15.255686
"482","Finland",2020,11.871713
"483","Finland",2021,12.291231
"484","Panama Canal Zone",2015,NA
"485","Panama Canal Zone",2016,NA
"486","Panama Canal Zone",2017,NA
"487","Panama Canal Zone",2018,NA
"488","Panama Canal Zone",2019,NA
"489","Panama Canal Zone",2020,NA
"490","Panama Canal Zone",2021,NA
"491","France",2015,37.740819
"492","France",2016,35.794215
"493","France",2017,39.789541
"494","France",2018,34.96638
"495","France",2019,29.29436
"496","France",2020,23.826985
"497","France",2021,28.877789
"498","French Equatorial Africa",2015,NA
"499","French Equatorial Africa",2016,NA
"500","French Equatorial Africa",2017,NA
"501","French Equatorial Africa",2018,NA
"502","French Equatorial Africa",2019,NA
"503","French Equatorial Africa",2020,NA
"504","French Equatorial Africa",2021,NA
"505","French Guiana",2015,0
"506","French Guiana",2016,0
"507","French Guiana",2017,0
"508","French Guiana",2018,0
"509","French Guiana",2019,0
"510","French Guiana",2020,0
"511","French Guiana",2021,0
"512","French Polynesia",2015,0
"513","French Polynesia",2016,0
"514","French Polynesia",2017,0
"515","French Polynesia",2018,0
"516","French Polynesia",2019,0
"517","French Polynesia",2020,0
"518","French Polynesia",2021,0
"519","French West Africa",2015,NA
"520","French West Africa",2016,NA
"521","French West Africa",2017,NA
"522","French West Africa",2018,NA
"523","French West Africa",2019,NA
"524","French West Africa",2020,NA
"525","French West Africa",2021,NA
"526","Gabon",2015,0
"527","Gabon",2016,0
"528","Gabon",2017,0
"529","Gabon",2018,0
"530","Gabon",2019,0
"531","Gabon",2020,0
"532","Gabon",2021,0
"533","Gambia",2015,0
"534","Gambia",2016,0
"535","Gambia",2017,0
"536","Gambia",2018,0
"537","Gambia",2019,0
"538","Gambia",2020,0
"539","Gambia",2021,0
"540","Georgia",2015,1.110606
"541","Georgia",2016,1.033248
"542","Georgia",2017,1.157824
"543","Georgia",2018,1.20912
"544","Georgia",2019,0.974624
"545","Georgia",2020,1.001849
"546","Georgia",2021,0.527202
"547","Germany",2015,341.018336
"548","Germany",2016,329.445089
"549","Germany",2017,310.763015
"550","Germany",2018,295.67355
"551","Germany",2019,240.086494
"552","Germany",2020,197.357678
"553","Germany",2021,230.221049
"554","Ghana",2015,0
"555","Ghana",2016,0
"556","Ghana",2017,0
"557","Ghana",2018,0
"558","Ghana",2019,0
"559","Ghana",2020,0
"560","Ghana",2021,0
"561","Greece",2015,29.948851
"562","Greece",2016,23.593526
"563","Greece",2017,26.019318
"564","Greece",2018,24.851033
"565","Greece",2019,17.874125
"566","Greece",2020,10.129119
"567","Greece",2021,9.775375
"568","Greenland",2015,0
"569","Greenland",2016,0
"570","Greenland",2017,0
"571","Greenland",2018,0
"572","Greenland",2019,0
"573","Greenland",2020,0
"574","Greenland",2021,0
"575","Grenada",2015,0
"576","Grenada",2016,0
"577","Grenada",2017,0
"578","Grenada",2018,0
"579","Grenada",2019,0
"580","Grenada",2020,0
"581","Grenada",2021,0
"582","Guadeloupe",2015,0.450806
"583","Guadeloupe",2016,0.461085
"584","Guadeloupe",2017,0.454962
"585","Guadeloupe",2018,0.45233
"586","Guadeloupe",2019,0.46339
"587","Guadeloupe",2020,0.41928
"588","Guadeloupe",2021,0.41928
"589","Guatemala",2015,4.01208
"590","Guatemala",2016,4.714539
"591","Guatemala",2017,3.909488
"592","Guatemala",2018,4.619391
"593","Guatemala",2019,4.510384
"594","Guatemala",2020,4.174395
"595","Guatemala",2021,5.538529
"596","Guinea",2015,0
"597","Guinea",2016,0
"598","Guinea",2017,0
"599","Guinea",2018,0
"600","Guinea",2019,0
"601","Guinea",2020,0
"602","Guinea",2021,0
"603","Guinea-Bissau",2015,0
"604","Guinea-Bissau",2016,0
"605","Guinea-Bissau",2017,0
"606","Guinea-Bissau",2018,0
"607","Guinea-Bissau",2019,0
"608","Guinea-Bissau",2020,0
"609","Guinea-Bissau",2021,0
"610","Guyana",2015,0
"611","Guyana",2016,0
"612","Guyana",2017,0
"613","Guyana",2018,0
"614","Guyana",2019,0
"615","Guyana",2020,0
"616","Guyana",2021,0
"617","Haiti",2015,0
"618","Haiti",2016,0
"619","Haiti",2017,0
"620","Haiti",2018,0
"621","Haiti",2019,0
"622","Haiti",2020,0
"623","Haiti",2021,0
"624","Honduras",2015,0.337208
"625","Honduras",2016,0.150281
"626","Honduras",2017,0.003663
"627","Honduras",2018,0
"628","Honduras",2019,0
"629","Honduras",2020,0
"630","Honduras",2021,0
"631","Hong Kong",2015,25.37101
"632","Hong Kong",2016,25.3732
"633","Hong Kong",2017,23.768368
"634","Hong Kong",2018,24.409568
"635","Hong Kong",2019,23.379984
"636","Hong Kong",2020,12.454231
"637","Hong Kong",2021,13.833671
"638","Hungary",2015,10.517019
"639","Hungary",2016,9.769268
"640","Hungary",2017,10.047647
"641","Hungary",2018,9.446999
"642","Hungary",2019,8.18614
"643","Hungary",2020,7.440498
"644","Hungary",2021,6.391263
"645","Iceland",2015,0.661181
"646","Iceland",2016,0.660089
"647","Iceland",2017,0.693221
"648","Iceland",2018,0.715029
"649","Iceland",2019,0.684012
"650","Iceland",2020,0.667573
"651","Iceland",2021,0.667573
"652","India",2015,1487.461399
"653","India",2016,1529.990408
"654","India",2017,1560.98815
"655","India",2018,1677.600364
"656","India",2019,1677.653708
"657","India",2020,1588.060207
"658","India",2021,1802.311897
"659","Indonesia",2015,197.815239
"660","Indonesia",2016,206.32789
"661","Indonesia",2017,221.093265
"662","Indonesia",2018,262.222125
"663","Indonesia",2019,315.400701
"664","Indonesia",2020,300.517866
"665","Indonesia",2021,303.153575
"666","Iraq",2015,0
"667","Iraq",2016,0
"668","Iraq",2017,0
"669","Iraq",2018,0
"670","Iraq",2019,0
"671","Iraq",2020,0
"672","Iraq",2021,0
"673","Ireland",2015,9.351334
"674","Ireland",2016,9.205271
"675","Ireland",2017,7.869732
"676","Ireland",2018,6.35416
"677","Ireland",2019,4.543313
"678","Ireland",2020,3.757762
"679","Ireland",2021,6.292886
"680","Iran",2015,4.301511
"681","Iran",2016,3.451488
"682","Iran",2017,4.70824
"683","Iran",2018,4.920752
"684","Iran",2019,3.729934
"685","Iran",2020,3.740171
"686","Iran",2021,3.729952
"687","Israel",2015,25.088862
"688","Israel",2016,20.832269
"689","Israel",2017,18.834126
"690","Israel",2018,18.130561
"691","Israel",2019,18.012224
"692","Israel",2020,15.701249
"693","Israel",2021,14.043493
"694","Italy",2015,53.062916
"695","Italy",2016,48.558932
"696","Italy",2017,42.039754
"697","Italy",2018,39.424353
"698","Italy",2019,30.657925
"699","Italy",2020,22.269892
"700","Italy",2021,23.999725
"701","Jamaica",2015,0.267596
"702","Jamaica",2016,0.25648
"703","Jamaica",2017,0.216176
"704","Jamaica",2018,0.230832
"705","Jamaica",2019,0.267598
"706","Jamaica",2020,0.364765
"707","Jamaica",2021,0.370658
"708","Japan",2015,465.830288
"709","Japan",2016,456.551209
"710","Japan",2017,458.482158
"711","Japan",2018,441.964043
"712","Japan",2019,432.250117
"713","Japan",2020,399.366949
"714","Japan",2021,418.820499
"715","Jordan",2015,0.681504
"716","Jordan",2016,0.853841
"717","Jordan",2017,0.578912
"718","Jordan",2018,0.791424
"719","Jordan",2019,0.784096
"720","Jordan",2020,0.617038
"721","Jordan",2021,0.542521
"722","Kazakhstan",2015,183.235611
"723","Kazakhstan",2016,183.031911
"724","Kazakhstan",2017,187.961862
"725","Kazakhstan",2018,190.787784
"726","Kazakhstan",2019,176.146122
"727","Kazakhstan",2020,181.010491
"728","Kazakhstan",2021,180.818472
"729","Kenya",2015,1.322408
"730","Kenya",2016,1.304384
"731","Kenya",2017,1.227704
"732","Kenya",2018,1.838957
"733","Kenya",2019,1.623462
"734","Kenya",2020,1.583859
"735","Kenya",2021,1.702633
"736","Kiribati",2015,0
"737","Kiribati",2016,0
"738","Kiribati",2017,0
"739","Kiribati",2018,0
"740","Kiribati",2019,0
"741","Kiribati",2020,0
"742","Kiribati",2021,0
"743","Kosovo",2015,6.151856
"744","Kosovo",2016,6.665722
"745","Kosovo",2017,5.602256
"746","Kosovo",2018,5.664544
"747","Kosovo",2019,5.944109
"748","Kosovo",2020,6.112784
"749","Kosovo",2021,3.216723
"750","Kuwait",2015,0
"751","Kuwait",2016,0
"752","Kuwait",2017,0
"753","Kuwait",2018,0
"754","Kuwait",2019,0
"755","Kuwait",2020,0
"756","Kuwait",2021,0
"757","Kuwaiti Oil Fires",2015,NA
"758","Kuwaiti Oil Fires",2016,NA
"759","Kuwaiti Oil Fires",2017,NA
"760","Kuwaiti Oil Fires",2018,NA
"761","Kuwaiti Oil Fires",2019,NA
"762","Kuwaiti Oil Fires",2020,NA
"763","Kuwaiti Oil Fires",2021,NA
"764","Kyrgyzstan",2015,4.338176
"765","Kyrgyzstan",2016,3.4808
"766","Kyrgyzstan",2017,3.3892
"767","Kyrgyzstan",2018,4.041392
"768","Kyrgyzstan",2019,3.16936
"769","Kyrgyzstan",2020,3.125244
"770","Kyrgyzstan",2021,3.599533
"771","Laos",2015,5.149553
"772","Laos",2016,12.014256
"773","Laos",2017,14.971989
"774","Laos",2018,15.417187
"775","Laos",2019,14.205328
"776","Laos",2020,14.911796
"777","Laos",2021,15.103899
"778","Latvia",2015,0.190231
"779","Latvia",2016,0.165653
"780","Latvia",2017,0.167253
"781","Latvia",2018,0.197038
"782","Latvia",2019,0.166208
"783","Latvia",2020,0.098523
"784","Latvia",2021,0.137075
"785","Lebanon",2015,0.626544
"786","Lebanon",2016,0.626544
"787","Lebanon",2017,0.626544
"788","Lebanon",2018,0.626544
"789","Lebanon",2019,0.626544
"790","Lebanon",2020,0.493054
"791","Lebanon",2021,0.43351
"792","Leeward Islands",2015,NA
"793","Leeward Islands",2016,NA
"794","Leeward Islands",2017,NA
"795","Leeward Islands",2018,NA
"796","Leeward Islands",2019,NA
"797","Leeward Islands",2020,NA
"798","Leeward Islands",2021,NA
"799","Lesotho",2015,1.63048
"800","Lesotho",2016,1.564528
"801","Lesotho",2017,1.857648
"802","Lesotho",2018,1.681776
"803","Lesotho",2019,1.670784
"804","Lesotho",2020,1.50173
"805","Lesotho",2021,1.5822
"806","Liberia",2015,0
"807","Liberia",2016,0
"808","Liberia",2017,0
"809","Liberia",2018,0
"810","Liberia",2019,0
"811","Liberia",2020,0
"812","Liberia",2021,0
"813","Libya",2015,0
"814","Libya",2016,0
"815","Libya",2017,0
"816","Libya",2018,0
"817","Libya",2019,0
"818","Libya",2020,0
"819","Libya",2021,0
"820","Liechtenstein",2015,0
"821","Liechtenstein",2016,0
"822","Liechtenstein",2017,0
"823","Liechtenstein",2018,0
"824","Liechtenstein",2019,0
"825","Liechtenstein",2020,0
"826","Liechtenstein",2021,0
"827","Lithuania",2015,0.735889
"828","Lithuania",2016,0.748809
"829","Lithuania",2017,0.801037
"830","Lithuania",2018,0.85889
"831","Lithuania",2019,0.800845
"832","Lithuania",2020,0.621598
"833","Lithuania",2021,0.731517
"834","Luxembourg",2015,0.28822
"835","Luxembourg",2016,0.294294
"836","Luxembourg",2017,0.282571
"837","Luxembourg",2018,0.267196
"838","Luxembourg",2019,0.274406
"839","Luxembourg",2020,0.237493
"840","Luxembourg",2021,0.20919
"841","Macao",2015,0
"842","Macao",2016,0
"843","Macao",2017,0
"844","Macao",2018,0
"845","Macao",2019,0
"846","Macao",2020,0
"847","Macao",2021,0
"848","North Macedonia",2015,3.746317
"849","North Macedonia",2016,3.436832
"850","North Macedonia",2017,3.814224
"851","North Macedonia",2018,3.405631
"852","North Macedonia",2019,4.04872
"853","North Macedonia",2020,2.77899
"854","North Macedonia",2021,2.393694
"855","Madagascar",2015,1.051568
"856","Madagascar",2016,1.02592
"857","Madagascar",2017,1.458272
"858","Madagascar",2018,1.242096
"859","Madagascar",2019,1.400842
"860","Madagascar",2020,1.365766
"861","Madagascar",2021,1.468185
"862","Malawi",2015,0.227168
"863","Malawi",2016,0.205184
"864","Malawi",2017,0.209412
"865","Malawi",2018,0.234496
"866","Malawi",2019,0.21568
"867","Malawi",2020,0.210943
"868","Malawi",2021,0.226761
"869","Malaysia",2015,66.3184
"870","Malaysia",2016,71.04496
"871","Malaysia",2017,78.608623
"872","Malaysia",2018,84.147424
"873","Malaysia",2019,85.063424
"874","Malaysia",2020,94.558656
"875","Malaysia",2021,85.794767
"876","Maldives",2015,0
"877","Maldives",2016,0
"878","Maldives",2017,0
"879","Maldives",2018,0
"880","Maldives",2019,0
"881","Maldives",2020,0
"882","Maldives",2021,0
"883","Mali",2015,0
"884","Mali",2016,0
"885","Mali",2017,0
"886","Mali",2018,0
"887","Mali",2019,0
"888","Mali",2020,0
"889","Mali",2021,0
"890","Malta",2015,2.3e-05
"891","Malta",2016,1.2e-05
"892","Malta",2017,1.2e-05
"893","Malta",2018,1.2e-05
"894","Malta",2019,1.1e-05
"895","Malta",2020,0
"896","Malta",2021,0
"897","Marshall Islands",2015,0
"898","Marshall Islands",2016,0
"899","Marshall Islands",2017,0
"900","Marshall Islands",2018,0
"901","Marshall Islands",2019,0
"902","Marshall Islands",2020,0
"903","Marshall Islands",2021,0
"904","Martinique",2015,0
"905","Martinique",2016,0
"906","Martinique",2017,0
"907","Martinique",2018,0
"908","Martinique",2019,0
"909","Martinique",2020,0
"910","Martinique",2021,0
"911","Mauritania",2015,0
"912","Mauritania",2016,0
"913","Mauritania",2017,0
"914","Mauritania",2018,0
"915","Mauritania",2019,0
"916","Mauritania",2020,0
"917","Mauritania",2021,0
"918","Mauritius",2015,1.68544
"919","Mauritius",2016,1.714752
"920","Mauritius",2017,1.784368
"921","Mauritius",2018,1.696432
"922","Mauritius",2019,1.560864
"923","Mauritius",2020,1.523079
"924","Mauritius",2021,1.637295
"925","Mayotte",2015,0
"926","Mayotte",2016,0
"927","Mayotte",2017,0
"928","Mayotte",2018,0
"929","Mayotte",2019,0
"930","Mayotte",2020,0
"931","Mayotte",2021,0
"932","Mexico",2015,44.114222
"933","Mexico",2016,47.621008
"934","Mexico",2017,48.52968
"935","Mexico",2018,47.313232
"936","Mexico",2019,45.26801
"937","Mexico",2020,20.011074
"938","Mexico",2021,19.360577
"939","Mongolia",2015,19.697107
"940","Mongolia",2016,22.5336
"941","Mongolia",2017,30.070881
"942","Mongolia",2018,40.9452
"943","Mongolia",2019,41.76185
"944","Mongolia",2020,43.835373
"945","Mongolia",2021,44.400088
"946","Montenegro",2015,1.494912
"947","Montenegro",2016,1.183472
"948","Montenegro",2017,1.201792
"949","Montenegro",2018,1.421632
"950","Montenegro",2019,1.454608
"951","Montenegro",2020,1.495241
"952","Montenegro",2021,0.786839
"953","Montserrat",2015,0
"954","Montserrat",2016,0
"955","Montserrat",2017,0
"956","Montserrat",2018,0
"957","Montserrat",2019,0
"958","Montserrat",2020,0
"959","Montserrat",2021,0
"960","Morocco",2015,16.843408
"961","Morocco",2016,16.235184
"962","Morocco",2017,16.876384
"963","Morocco",2018,19.51926
"964","Morocco",2019,25.259616
"965","Morocco",2020,25.36126
"966","Morocco",2021,27.844789
"967","Mozambique",2015,0.428937
"968","Mozambique",2016,0.051296
"969","Mozambique",2017,0.025648
"970","Mozambique",2018,0.06232
"971","Mozambique",2019,0.047632
"972","Mozambique",2020,0.046479
"973","Mozambique",2021,0.049964
"974","Myanmar",2015,0.926992
"975","Myanmar",2016,1.124848
"976","Myanmar",2017,1.553536
"977","Myanmar",2018,3.25031
"978","Myanmar",2019,3.931472
"979","Myanmar",2020,4.126994
"980","Myanmar",2021,4.180161
"981","Namibia",2015,0.007328
"982","Namibia",2016,0.069616
"983","Namibia",2017,0.087936
"984","Namibia",2018,0.025648
"985","Namibia",2019,0.051296
"986","Namibia",2020,0.046106
"987","Namibia",2021,0.048576
"988","Nauru",2015,0
"989","Nauru",2016,0
"990","Nauru",2017,0
"991","Nauru",2018,0
"992","Nauru",2019,0
"993","Nauru",2020,0
"994","Nauru",2021,0
"995","Nepal",2015,2.200909
"996","Nepal",2016,2.615123
"997","Nepal",2017,2.997152
"998","Nepal",2018,4.338176
"999","Nepal",2019,3.42584
"1000","Nepal",2020,3.596216
"1001","Nepal",2021,3.642545
"1002","Netherlands",2015,43.545755
"1003","Netherlands",2016,40.067734
"1004","Netherlands",2017,36.032114
"1005","Netherlands",2018,32.532565
"1006","Netherlands",2019,25.30793
"1007","Netherlands",2020,16.994711
"1008","Netherlands",2021,23.00083
"1009","New Caledonia",2015,1.878179
"1010","New Caledonia",2016,2.425568
"1011","New Caledonia",2017,2.740672
"1012","New Caledonia",2018,2.497136
"1013","New Caledonia",2019,2.484192
"1014","New Caledonia",2020,2.607737
"1015","New Caledonia",2021,2.641332
"1016","New Zealand",2015,5.469636
"1017","New Zealand",2016,4.465043
"1018","New Zealand",2017,4.669294
"1019","New Zealand",2018,5.249307
"1020","New Zealand",2019,5.985768
"1021","New Zealand",2020,5.755663
"1022","New Zealand",2021,6.751966
"1023","Nicaragua",2015,0
"1024","Nicaragua",2016,0
"1025","Nicaragua",2017,0
"1026","Nicaragua",2018,0
"1027","Nicaragua",2019,0
"1028","Nicaragua",2020,0
"1029","Nicaragua",2021,0
"1030","Niger",2015,0.326096
"1031","Niger",2016,0.359072
"1032","Niger",2017,0.337656
"1033","Niger",2018,0.326096
"1034","Niger",2019,0.326592
"1035","Niger",2020,0.295738
"1036","Niger",2021,0.341988
"1037","Nigeria",2015,0.124576
"1038","Nigeria",2016,0.139232
"1039","Nigeria",2017,0.135568
"1040","Nigeria",2018,0.12824
"1041","Nigeria",2019,0.14656
"1042","Nigeria",2020,0.132916
"1043","Nigeria",2021,0.153703
"1044","Niue",2015,0
"1045","Niue",2016,0
"1046","Niue",2017,0
"1047","Niue",2018,0
"1048","Niue",2019,0
"1049","Niue",2020,0
"1050","Niue",2021,0
"1051","Norway",2015,3.4284
"1052","Norway",2016,3.5496
"1053","Norway",2017,3.6428
"1054","Norway",2018,3.5268
"1055","Norway",2019,3.5468
"1056","Norway",2020,3.6024
"1057","Norway",2021,4.1776
"1058","Occupied Palestinian Territory",2015,0
"1059","Occupied Palestinian Territory",2016,0
"1060","Occupied Palestinian Territory",2017,0
"1061","Occupied Palestinian Territory",2018,0
"1062","Occupied Palestinian Territory",2019,0
"1063","Occupied Palestinian Territory",2020,0
"1064","Occupied Palestinian Territory",2021,0
"1065","Oman",2015,0
"1066","Oman",2016,0
"1067","Oman",2017,0
"1068","Oman",2018,0
"1069","Oman",2019,0
"1070","Oman",2020,0
"1071","Oman",2021,0
"1072","Pacific Islands (Palau)",2015,NA
"1073","Pacific Islands (Palau)",2016,NA
"1074","Pacific Islands (Palau)",2017,NA
"1075","Pacific Islands (Palau)",2018,NA
"1076","Pacific Islands (Palau)",2019,NA
"1077","Pacific Islands (Palau)",2020,NA
"1078","Pacific Islands (Palau)",2021,NA
"1079","Pakistan",2015,18.02688
"1080","Pakistan",2016,23.954783
"1081","Pakistan",2017,40.978871
"1082","Pakistan",2018,46.88088
"1083","Pakistan",2019,50.30672
"1084","Pakistan",2020,57.210218
"1085","Pakistan",2021,59.956542
"1086","Palau",2015,0
"1087","Palau",2016,0
"1088","Palau",2017,0
"1089","Palau",2018,0
"1090","Palau",2019,0
"1091","Palau",2020,0
"1092","Palau",2021,0
"1093","Panama",2015,0.937984
"1094","Panama",2016,0.831728
"1095","Panama",2017,0.230908
"1096","Panama",2018,0.582377
"1097","Panama",2019,2.3816
"1098","Panama",2020,2.204189
"1099","Panama",2021,2.924487
"1100","Papua New Guinea",2015,0
"1101","Papua New Guinea",2016,0
"1102","Papua New Guinea",2017,0
"1103","Papua New Guinea",2018,0
"1104","Papua New Guinea",2019,0
"1105","Papua New Guinea",2020,0
"1106","Papua New Guinea",2021,0
"1107","Paraguay",2015,0.010985
"1108","Paraguay",2016,0.003666
"1109","Paraguay",2017,0.003664
"1110","Paraguay",2018,0.010997
"1111","Paraguay",2019,0.003666
"1112","Paraguay",2020,0.001285
"1113","Paraguay",2021,0.001891
"1114","Peru",2015,3.088518
"1115","Peru",2016,3.213102
"1116","Peru",2017,2.810094
"1117","Peru",2018,2.50268
"1118","Peru",2019,2.572128
"1119","Peru",2020,2.269338
"1120","Peru",2021,2.479681
"1121","Philippines",2015,46.419216
"1122","Philippines",2016,51.486528
"1123","Philippines",2017,61.632144
"1124","Philippines",2018,64.904096
"1125","Philippines",2019,69.52998
"1126","Philippines",2020,69.125949
"1127","Philippines",2021,74.912241
"1128","Bolivia",2015,0.014656
"1129","Bolivia",2016,0.014658
"1130","Bolivia",2017,0.025652
"1131","Bolivia",2018,0.021984
"1132","Bolivia",2019,0.025648
"1133","Bolivia",2020,0.008997
"1134","Bolivia",2021,0.013237
"1135","Poland",2015,201.647484
"1136","Poland",2016,202.098996
"1137","Poland",2017,203.597988
"1138","Poland",2018,198.827006
"1139","Poland",2019,177.935008
"1140","Poland",2020,164.234621
"1141","Poland",2021,179.501978
"1142","Portugal",2015,12.57497
"1143","Portugal",2016,10.831652
"1144","Portugal",2017,12.406546
"1145","Portugal",2018,10.388611
"1146","Portugal",2019,5.039867
"1147","Portugal",2020,2.430948
"1148","Portugal",2021,1.101646
"1149","Puerto Rico",2015,NA
"1150","Puerto Rico",2016,NA
"1151","Puerto Rico",2017,NA
"1152","Puerto Rico",2018,NA
"1153","Puerto Rico",2019,NA
"1154","Puerto Rico",2020,NA
"1155","Puerto Rico",2021,NA
"1156","Qatar",2015,0
"1157","Qatar",2016,0
"1158","Qatar",2017,0
"1159","Qatar",2018,0
"1160","Qatar",2019,0
"1161","Qatar",2020,0
"1162","Qatar",2021,0
"1163","Cameroon",2015,0
"1164","Cameroon",2016,0
"1165","Cameroon",2017,0
"1166","Cameroon",2018,0
"1167","Cameroon",2019,0
"1168","Cameroon",2020,0
"1169","Cameroon",2021,0
"1170","South Korea",2015,335.411292
"1171","South Korea",2016,320.697359
"1172","South Korea",2017,337.668762
"1173","South Korea",2018,340.3476
"1174","South Korea",2019,321.60607
"1175","South Korea",2020,282.883413
"1176","South Korea",2021,283.908353
"1177","Moldova",2015,0.369781
"1178","Moldova",2016,0.278673
"1179","Moldova",2017,0.40304
"1180","Moldova",2018,0.307776
"1181","Moldova",2019,0.366648
"1182","Moldova",2020,0.3613
"1183","Moldova",2021,0.416131
"1184","South Sudan",2015,0
"1185","South Sudan",2016,0
"1186","South Sudan",2017,0
"1187","South Sudan",2018,0
"1188","South Sudan",2019,0
"1189","South Sudan",2020,0
"1190","South Sudan",2021,0
"1191","Sudan",2015,0
"1192","Sudan",2016,0
"1193","Sudan",2017,0
"1194","Sudan",2018,0
"1195","Sudan",2019,0
"1196","Sudan",2020,0
"1197","Sudan",2021,0
"1198","Réunion",2015,2.0246
"1199","Réunion",2016,2.070764
"1200","Réunion",2017,2.043268
"1201","Réunion",2018,2.031445
"1202","Réunion",2019,2.081117
"1203","Réunion",2020,1.883018
"1204","Réunion",2021,1.883018
"1205","Romania",2015,24.681829
"1206","Romania",2016,21.990651
"1207","Romania",2017,21.839268
"1208","Romania",2018,20.694593
"1209","Romania",2019,18.309118
"1210","Romania",2020,14.234452
"1211","Romania",2021,16.450983
"1212","Russia",2015,414.059434
"1213","Russia",2016,402.192494
"1214","Russia",2017,384.724075
"1215","Russia",2018,396.392489
"1216","Russia",2019,390.365017
"1217","Russia",2020,366.758617
"1218","Russia",2021,380.227147
"1219","Rwanda",2015,0
"1220","Rwanda",2016,0.007328
"1221","Rwanda",2017,0.007328
"1222","Rwanda",2018,0.014656
"1223","Rwanda",2019,0.018357
"1224","Rwanda",2020,0.017877
"1225","Rwanda",2021,0.019217
"1226","Ryukyu Islands",2015,NA
"1227","Ryukyu Islands",2016,NA
"1228","Ryukyu Islands",2017,NA
"1229","Ryukyu Islands",2018,NA
"1230","Ryukyu Islands",2019,NA
"1231","Ryukyu Islands",2020,NA
"1232","Ryukyu Islands",2021,NA
"1233","Saint Helena",2015,0
"1234","Saint Helena",2016,0
"1235","Saint Helena",2017,0
"1236","Saint Helena",2018,0
"1237","Saint Helena",2019,0
"1238","Saint Helena",2020,0
"1239","Saint Helena",2021,0
"1240","Saint Lucia",2015,0
"1241","Saint Lucia",2016,0
"1242","Saint Lucia",2017,0
"1243","Saint Lucia",2018,0
"1244","Saint Lucia",2019,0
"1245","Saint Lucia",2020,0
"1246","Saint Lucia",2021,0
"1247","Sint Maarten (Dutch part)",2015,0
"1248","Sint Maarten (Dutch part)",2016,0
"1249","Sint Maarten (Dutch part)",2017,0
"1250","Sint Maarten (Dutch part)",2018,0
"1251","Sint Maarten (Dutch part)",2019,0
"1252","Sint Maarten (Dutch part)",2020,0
"1253","Sint Maarten (Dutch part)",2021,0
"1254","Samoa",2015,0
"1255","Samoa",2016,0
"1256","Samoa",2017,0
"1257","Samoa",2018,0
"1258","Samoa",2019,0
"1259","Samoa",2020,0
"1260","Samoa",2021,0
"1261","Sao Tome and Principe",2015,0
"1262","Sao Tome and Principe",2016,0
"1263","Sao Tome and Principe",2017,0
"1264","Sao Tome and Principe",2018,0
"1265","Sao Tome and Principe",2019,0
"1266","Sao Tome and Principe",2020,0
"1267","Sao Tome and Principe",2021,0
"1268","Saudi Arabia",2015,0
"1269","Saudi Arabia",2016,0
"1270","Saudi Arabia",2017,0
"1271","Saudi Arabia",2018,0
"1272","Saudi Arabia",2019,0
"1273","Saudi Arabia",2020,0
"1274","Saudi Arabia",2021,0
"1275","Senegal",2015,1.150496
"1276","Senegal",2016,1.205456
"1277","Senegal",2017,1.439952
"1278","Senegal",2018,2.260688
"1279","Senegal",2019,2.08788
"1280","Senegal",2020,1.894052
"1281","Senegal",2021,2.190262
"1282","Serbia",2015,30.568752
"1283","Serbia",2016,31.067056
"1284","Serbia",2017,31.021923
"1285","Serbia",2018,29.60512
"1286","Serbia",2019,29.601456
"1287","Serbia",2020,30.428334
"1288","Serbia",2021,16.012263
"1289","Seychelles",2015,0
"1290","Seychelles",2016,0
"1291","Seychelles",2017,0
"1292","Seychelles",2018,0
"1293","Seychelles",2019,0
"1294","Seychelles",2020,0
"1295","Seychelles",2021,0
"1296","Sierra Leone",2015,0
"1297","Sierra Leone",2016,0
"1298","Sierra Leone",2017,0
"1299","Sierra Leone",2018,0
"1300","Sierra Leone",2019,0
"1301","Sierra Leone",2020,0
"1302","Sierra Leone",2021,0
"1303","Singapore",2015,1.751278
"1304","Singapore",2016,1.832
"1305","Singapore",2017,3.86552
"1306","Singapore",2018,2.05534
"1307","Singapore",2019,1.971232
"1308","Singapore",2020,1.864508
"1309","Singapore",2021,3.348566
"1310","Slovakia",2015,13.918411
"1311","Slovakia",2016,13.828549
"1312","Slovakia",2017,14.284374
"1313","Slovakia",2018,14.206341
"1314","Slovakia",2019,11.778465
"1315","Slovakia",2020,9.955995
"1316","Slovakia",2021,12.579047
"1317","Slovenia",2015,4.615338
"1318","Slovenia",2016,4.963894
"1319","Slovenia",2017,4.906708
"1320","Slovenia",2018,4.792092
"1321","Slovenia",2019,4.530459
"1322","Slovenia",2020,4.392651
"1323","Slovenia",2021,3.614252
"1324","Solomon Islands",2015,0
"1325","Solomon Islands",2016,0
"1326","Solomon Islands",2017,0
"1327","Solomon Islands",2018,0
"1328","Solomon Islands",2019,0
"1329","Solomon Islands",2020,0
"1330","Solomon Islands",2021,0
"1331","Somalia",2015,0
"1332","Somalia",2016,0
"1333","Somalia",2017,0
"1334","Somalia",2018,0
"1335","Somalia",2019,0
"1336","Somalia",2020,0
"1337","Somalia",2021,0
"1338","South Africa",2015,377.0256
"1339","South Africa",2016,384.489745
"1340","South Africa",2017,369.918017
"1341","South Africa",2018,355.111886
"1342","South Africa",2019,394.345328
"1343","South Africa",2020,373.220141
"1344","South Africa",2021,370.266547
"1345","Spain",2015,61.840899
"1346","Spain",2016,45.677289
"1347","Spain",2017,53.592704
"1348","Spain",2018,48.066131
"1349","Spain",2019,23.622477
"1350","Spain",2020,14.300041
"1351","Spain",2021,18.575481
"1352","Sri Lanka",2015,5.217536
"1353","Sri Lanka",2016,5.524435
"1354","Sri Lanka",2017,5.723168
"1355","Sri Lanka",2018,5.528013
"1356","Sri Lanka",2019,5.902704
"1357","Sri Lanka",2020,6.335415
"1358","Sri Lanka",2021,6.076669
"1359","Saint Kitts and Nevis",2015,0
"1360","Saint Kitts and Nevis",2016,0
"1361","Saint Kitts and Nevis",2017,0
"1362","Saint Kitts and Nevis",2018,0
"1363","Saint Kitts and Nevis",2019,0
"1364","Saint Kitts and Nevis",2020,0
"1365","Saint Kitts and Nevis",2021,0
"1366","St. Kitts-Nevis-Anguilla",2015,NA
"1367","St. Kitts-Nevis-Anguilla",2016,NA
"1368","St. Kitts-Nevis-Anguilla",2017,NA
"1369","St. Kitts-Nevis-Anguilla",2018,NA
"1370","St. Kitts-Nevis-Anguilla",2019,NA
"1371","St. Kitts-Nevis-Anguilla",2020,NA
"1372","St. Kitts-Nevis-Anguilla",2021,NA
"1373","Saint Pierre and Miquelon",2015,0
"1374","Saint Pierre and Miquelon",2016,0
"1375","Saint Pierre and Miquelon",2017,0
"1376","Saint Pierre and Miquelon",2018,0
"1377","Saint Pierre and Miquelon",2019,0
"1378","Saint Pierre and Miquelon",2020,0
"1379","Saint Pierre and Miquelon",2021,0
"1380","Saint Vincent and the Grenadines",2015,0
"1381","Saint Vincent and the Grenadines",2016,0
"1382","Saint Vincent and the Grenadines",2017,0
"1383","Saint Vincent and the Grenadines",2018,0
"1384","Saint Vincent and the Grenadines",2019,0
"1385","Saint Vincent and the Grenadines",2020,0
"1386","Saint Vincent and the Grenadines",2021,0
"1387","Suriname",2015,0
"1388","Suriname",2016,0
"1389","Suriname",2017,0
"1390","Suriname",2018,0
"1391","Suriname",2019,0
"1392","Suriname",2020,0
"1393","Suriname",2021,0
"1394","Swaziland",2015,0.135568
"1395","Swaziland",2016,0.246343
"1396","Swaziland",2017,0.161216
"1397","Swaziland",2018,0.161216
"1398","Swaziland",2019,0.20152
"1399","Swaziland",2020,0.18113
"1400","Swaziland",2021,0.190836
"1401","Sweden",2015,8.152132
"1402","Sweden",2016,8.00221
"1403","Sweden",2017,8.473792
"1404","Sweden",2018,8.046477
"1405","Sweden",2019,8.092101
"1406","Sweden",2020,6.662655
"1407","Sweden",2021,5.553458
"1408","Switzerland",2015,0.562525
"1409","Switzerland",2016,0.528458
"1410","Switzerland",2017,0.506227
"1411","Switzerland",2018,0.478956
"1412","Switzerland",2019,0.4316
"1413","Switzerland",2020,0.414396
"1414","Switzerland",2021,0.413264
"1415","Syria",2015,0.003664
"1416","Syria",2016,0.003664
"1417","Syria",2017,0.003664
"1418","Syria",2018,0.003664
"1419","Syria",2019,0.003664
"1420","Syria",2020,0.002883
"1421","Syria",2021,0.002535
"1422","Taiwan",2015,159.319575
"1423","Taiwan",2016,159.482334
"1424","Taiwan",2017,162.617632
"1425","Taiwan",2018,158.806565
"1426","Taiwan",2019,154.560547
"1427","Taiwan",2020,144.262502
"1428","Taiwan",2021,154.887128
"1429","Tajikistan",2015,1.75872
"1430","Tajikistan",2016,2.986378
"1431","Tajikistan",2017,3.960784
"1432","Tajikistan",2018,4.189885
"1433","Tajikistan",2019,4.565344
"1434","Tajikistan",2020,4.501797
"1435","Tajikistan",2021,5.184992
"1436","Thailand",2015,64.618304
"1437","Thailand",2016,59.10032
"1438","Thailand",2017,62.76351
"1439","Thailand",2018,60.588719
"1440","Thailand",2019,62.483006
"1441","Thailand",2020,66.805159
"1442","Thailand",2021,70.646945
"1443","Timor-Leste",2015,0
"1444","Timor-Leste",2016,0
"1445","Timor-Leste",2017,0
"1446","Timor-Leste",2018,0
"1447","Timor-Leste",2019,0
"1448","Timor-Leste",2020,0
"1449","Timor-Leste",2021,0
"1450","Togo",2015,0
"1451","Togo",2016,0
"1452","Togo",2017,0
"1453","Togo",2018,0
"1454","Togo",2019,0
"1455","Togo",2020,0
"1456","Togo",2021,0
"1457","Tonga",2015,0
"1458","Tonga",2016,0
"1459","Tonga",2017,0
"1460","Tonga",2018,0
"1461","Tonga",2019,0
"1462","Tonga",2020,0
"1463","Tonga",2021,0
"1464","Trinidad and Tobago",2015,0
"1465","Trinidad and Tobago",2016,0
"1466","Trinidad and Tobago",2017,0
"1467","Trinidad and Tobago",2018,0
"1468","Trinidad and Tobago",2019,0
"1469","Trinidad and Tobago",2020,0
"1470","Trinidad and Tobago",2021,0
"1471","Tunisia",2015,0
"1472","Tunisia",2016,0
"1473","Tunisia",2017,0
"1474","Tunisia",2018,0
"1475","Tunisia",2019,0
"1476","Tunisia",2020,0
"1477","Tunisia",2021,0
"1478","Turkey",2015,138.794158
"1479","Turkey",2016,151.631064
"1480","Turkey",2017,157.937686
"1481","Turkey",2018,163.038903
"1482","Turkey",2019,164.971991
"1483","Turkey",2020,158.630595
"1484","Turkey",2021,162.562331
"1485","Turkmenistan",2015,0
"1486","Turkmenistan",2016,0
"1487","Turkmenistan",2017,0
"1488","Turkmenistan",2018,0
"1489","Turkmenistan",2019,0
"1490","Turkmenistan",2020,0
"1491","Turkmenistan",2021,0
"1492","Turks and Caicos Islands",2015,0
"1493","Turks and Caicos Islands",2016,0
"1494","Turks and Caicos Islands",2017,0
"1495","Turks and Caicos Islands",2018,0
"1496","Turks and Caicos Islands",2019,0
"1497","Turks and Caicos Islands",2020,0
"1498","Turks and Caicos Islands",2021,0
"1499","Tuvalu",2015,0
"1500","Tuvalu",2016,0
"1501","Tuvalu",2017,0
"1502","Tuvalu",2018,0
"1503","Tuvalu",2019,0
"1504","Tuvalu",2020,0
"1505","Tuvalu",2021,0
"1506","Uganda",2015,0
"1507","Uganda",2016,0
"1508","Uganda",2017,0
"1509","Uganda",2018,0
"1510","Uganda",2019,0
"1511","Uganda",2020,0
"1512","Uganda",2021,0
"1513","Ukraine",2015,119.392944
"1514","Ukraine",2016,126.828013
"1515","Ukraine",2017,112.586372
"1516","Ukraine",2018,120.544058
"1517","Ukraine",2019,114.045427
"1518","Ukraine",2020,102.148412
"1519","Ukraine",2021,101.829705
"1520","United Arab Emirates",2015,6.50349
"1521","United Arab Emirates",2016,6.97992
"1522","United Arab Emirates",2017,8.073695
"1523","United Arab Emirates",2018,7.281986
"1524","United Arab Emirates",2019,7.498098
"1525","United Arab Emirates",2020,7.168701
"1526","United Arab Emirates",2021,6.695359
"1527","United Kingdom",2015,91.548016
"1528","United Kingdom",2016,47.824616
"1529","United Kingdom",2017,39.128801
"1530","United Kingdom",2018,33.280249
"1531","United Kingdom",2019,24.512705
"1532","United Kingdom",2020,22.809405
"1533","United Kingdom",2021,23.689725
"1534","Tanzania",2015,0.681504
"1535","Tanzania",2016,0.7328
"1536","Tanzania",2017,1.494912
"1537","Tanzania",2018,1.666602
"1538","Tanzania",2019,1.890624
"1539","Tanzania",2020,1.844857
"1540","Tanzania",2021,1.983202
"1541","United States of America",2015,1479.001098
"1542","United States of America",2016,1347.797519
"1543","United States of America",2017,1308.479533
"1544","United States of America",2018,1256.201494
"1545","United States of America",2019,1070.723931
"1546","United States of America",2020,878.972885
"1547","United States of America",2021,1002.299987
"1548","Uruguay",2015,0.003664
"1549","Uruguay",2016,0.003666
"1550","Uruguay",2017,0.003664
"1551","Uruguay",2018,0.003664
"1552","Uruguay",2019,0.003666
"1553","Uruguay",2020,0.001285
"1554","Uruguay",2021,0.001891
"1555","Uzbekistan",2015,5.99064
"1556","Uzbekistan",2016,7.093744
"1557","Uzbekistan",2017,6.687028
"1558","Uzbekistan",2018,9.658304
"1559","Uzbekistan",2019,8.280383
"1560","Uzbekistan",2020,11.347821
"1561","Uzbekistan",2021,8.083977
"1562","Vanuatu",2015,0
"1563","Vanuatu",2016,0
"1564","Vanuatu",2017,0
"1565","Vanuatu",2018,0
"1566","Vanuatu",2019,0
"1567","Vanuatu",2020,0
"1568","Vanuatu",2021,0
"1569","Venezuela",2015,0.498314
"1570","Venezuela",2016,0.560592
"1571","Venezuela",2017,0.311432
"1572","Venezuela",2018,0.124576
"1573","Venezuela",2019,0.164886
"1574","Venezuela",2020,0.065309
"1575","Venezuela",2021,0.036175
"1576","Viet Nam",2015,97.81609
"1577","Viet Nam",2016,106.856896
"1578","Viet Nam",2017,108.2217
"1579","Viet Nam",2018,134.85352
"1580","Viet Nam",2019,191.442495
"1581","Viet Nam",2020,192.278987
"1582","Viet Nam",2021,196.518368
"1583","Wallis and Futuna Islands",2015,0
"1584","Wallis and Futuna Islands",2016,0
"1585","Wallis and Futuna Islands",2017,0
"1586","Wallis and Futuna Islands",2018,0
"1587","Wallis and Futuna Islands",2019,0
"1588","Wallis and Futuna Islands",2020,0
"1589","Wallis and Futuna Islands",2021,0
"1590","Yemen",2015,0.414032
"1591","Yemen",2016,0.322432
"1592","Yemen",2017,0.307776
"1593","Yemen",2018,0.31144
"1594","Yemen",2019,0.355295
"1595","Yemen",2020,0.279686
"1596","Yemen",2021,0.245909
"1597","Zambia",2015,0.49464
"1598","Zambia",2016,0.853179
"1599","Zambia",2017,1.902634
"1600","Zambia",2018,2.744336
"1601","Zambia",2019,2.347513
"1602","Zambia",2020,2.29177
"1603","Zambia",2021,2.463629
"1604","Zimbabwe",2015,8.0608
"1605","Zimbabwe",2016,6.932288
"1606","Zimbabwe",2017,5.900452
"1607","Zimbabwe",2018,7.177776
"1608","Zimbabwe",2019,6.88832
"1609","Zimbabwe",2020,6.721571
"1610","Zimbabwe",2021,7.22562
